"DESCRIPTION","DURATION IN MS","NAME","PARENT SUITE","START TIME","STATUS","STOP TIME","SUB SUITE","SUITE","TEST CLASS","TEST METHOD"
"","18376","Login_Happy_Case","CRM Login Test Suite","2026-09-22","passed","2026-09-22","com.practiceCRM.projects.crm.testcases.LoginTest","SignIn Test","com.practiceCRM.projects.crm.testcases.LoginTest","signInSuccessWithDataProvider"
"","18222","Login_Happy_Case","CRM Login Test Suite","2026-09-22","passed","2026-09-22","com.practiceCRM.projects.crm.testcases.LoginTest","SignIn Test","com.practiceCRM.projects.crm.testcases.LoginTest","signInSuccessWithDataProvider"
"","19328","Login_Error_Case","CRM Login Test Suite","2026-09-22","passed","2026-09-22","com.practiceCRM.projects.crm.testcases.LoginTest","SignIn Test","com.practiceCRM.projects.crm.testcases.LoginTest","signInFalseWithDataProvider"
"","19331","Login_Error_Case","CRM Login Test Suite","2026-09-22","passed","2026-09-22","com.practiceCRM.projects.crm.testcases.LoginTest","SignIn Test","com.practiceCRM.projects.crm.testcases.LoginTest","signInFalseWithDataProvider"
"","18215","Login_Error_Case","CRM Login Test Suite","2026-09-22","passed","2026-09-22","com.practiceCRM.projects.crm.testcases.LoginTest","SignIn Test","com.practiceCRM.projects.crm.testcases.LoginTest","signInFalseWithDataProvider"
"","17817","Login_Error_Case","CRM Login Test Suite","2026-09-22","passed","2026-09-22","com.practiceCRM.projects.crm.testcases.LoginTest","SignIn Test","com.practiceCRM.projects.crm.testcases.LoginTest","signInFalseWithDataProvider"
"","15249","Login_Error_Case","CRM Login Test Suite","2026-09-22","passed","2026-09-22","com.practiceCRM.projects.crm.testcases.LoginTest","SignIn Test","com.practiceCRM.projects.crm.testcases.LoginTest","signInFalseWithDataProvider"
"","18577","Login_Happy_Case","CRM Login Test Suite","2026-09-22","passed","2026-09-22","com.practiceCRM.projects.crm.testcases.LoginTest","SignIn Test","com.practiceCRM.projects.crm.testcases.LoginTest","signInSuccessWithDataProvider"
"","15636","Login_Error_Case","CRM Login Test Suite","2026-09-22","passed","2026-09-22","com.practiceCRM.projects.crm.testcases.LoginTest","SignIn Test","com.practiceCRM.projects.crm.testcases.LoginTest","signInFalseWithDataProvider"
"","18761","Login_Error_Case","CRM Login Test Suite","2026-09-22","passed","2026-09-22","com.practiceCRM.projects.crm.testcases.LoginTest","SignIn Test","com.practiceCRM.projects.crm.testcases.LoginTest","signInFalseWithDataProvider"
"","18791","Login_Happy_Case","CRM Login Test Suite","2026-09-22","passed","2026-09-22","com.practiceCRM.projects.crm.testcases.LoginTest","SignIn Test","com.practiceCRM.projects.crm.testcases.LoginTest","signInSuccessWithDataProvider"
"","18204","Login_Error_Case","CRM Login Test Suite","2026-09-22","passed","2026-09-22","com.practiceCRM.projects.crm.testcases.LoginTest","SignIn Test","com.practiceCRM.projects.crm.testcases.LoginTest","signInFalseWithDataProvider"
